1,Restaurants,,kitchen.jpg,
2,Food,,p-kitchen01.jpg,
3,Nightlife,,default.jpg,
4,Shopping,,default.jpg,
9,Beauty and Spas,,spa.jpg,
10,Automotive,,p-auto02.jpg,
11,Health and Medical,,p-doct02.jpg,
12,Local Services,,default.jpg,
13,Home Services,,default.jpg,
15,Arts & Entertainment,,default.jpg,
16,Event Planning & Services,,default.jpg,
17,Active Life,,default.jpg,
18,Hotels & Travel,,default.jpg,
19,Pets,,default.jpg,
20,Public Services & Government,,default.jpg,
21,Local Flavor,,p-kitchen01.jpg,
22,Education,,default.jpg,
23,Professional Services,,p-people.jpg,
24,Real Estate,,RealEstate_Cover.jpg,
25,Financial Services,,default.jpg,
26,Mass Media,,default.jpg,
27,Religious Organizations,,default.jpg,
37,Adult,4,,
38,Antiques,4,,
39,Art Galleries,4,,
41,Arts & Crafts,4,,
42,Auction Houses,4,,
43,Baby Gear & Furniture,4,,
44,Bespoke Clothing,4,,
45,"Books, Mags, Music and Video",4,,
47,Bridal,4,,
51,Computers,4,,
52,Cosmetics & Beauty Supply,4,,
54,Department Stores,4,,
55,Discount Store,4,,
56,Drugstores,4,,
57,Electronics,4,,
58,Eyewear & Opticians,4,,
60,Fashion,4,,
61,Fireworks,4,,
63,Flowers & Gifts,4,,
69,Guns & Ammo,4,,
72,Hobby Shops,4,,
73,Home & Garden,4,,
76,Jewelry,4,,
78,Knitting Supplies,4,,
81,Luggage,4,,
85,Mobile Phones,4,,
87,Musical Instruments & Teachers,4,,
90,Office Equipment,4,,
92,Outlet Stores,4,,
93,Pawn Shops,4,,
94,Personal Shopping,4,,
95,Photography Stores & Services,4,,
98,Shopping Centers,4,,
99,Sporting Goods,4,,
102,Thrift Stores,4,,
103,Tobacco Shops,4,,
104,Toy Stores,4,,
105,Uniforms,4,,
107,Watches,4,,
108,Wholesale Stores,4,,
109,Wigs,4,,
110,Adult Entertainment,3,,
111,Bars,3,,
112,Champagne Bars,111,,
113,Comedy Clubs,3,,
114,Dance Clubs,3,,
115,Country Dance Halls,3,,
116,Dive Bars,111,,
117,Gay Bars,111,,
118,Hookah Bars,111,,
119,Jazz & Blues,3,,
120,Karaoke,3,,
121,Lounges,111,,
122,Music Venues,3,,
123,Piano Bars,3,,
124,Pool Halls,3,,
125,Pubs,111,,
126,Sports Bars,111,,
127,Wine Bars,111,,
128,Bagels,2,,
129,Bakeries,2,,
130,"Beer, Wine & Spirits",2,,
131,Breweries,2,,
132,Bubble Tea,2,,
133,Butcher,2,,
134,CSA,2,,
138,Coffee & Tea,2,,
139,Convenience Stores,2,,
140,Desserts,2,,
141,Do-It-Yourself Food,2,,
142,Donuts,2,,
144,Farmers Market,2,,
145,Food Delivery Services,2,,
146,Food Trucks,2,,
147,Gelato,2,,
148,Grocery,2,,
149,Arabian,1,,
150,Australian,1,,
151,Ice Cream & Frozen Yogurt,2,,
152,Internet Cafes,2,,
153,Juice Bars & Smoothies,2,,
156,Shaved Ice,2,,
157,Specialty Food,2,,
158,Street Vendors,2,,
159,Tea Rooms,2,,
160,Wineries,2,wine.jpg,
161,Afghan,1,,
162,African,1,,
163,American (New),1,,
164,American (Traditional),1,,
165,Argentine,1,,
166,Asian Fusion,1,,
167,Austrian,1,,
168,Bangladeshi,1,,
169,Barbeque,1,,
170,Basque,1,,
171,Belgian,1,,
172,Brasseries,1,,
173,Brazilian,1,,
174,Breakfast & Brunch,1,,
175,British,1,,
176,Buffets,1,,
177,Burgers,1,,
178,Burmese,1,,
179,Cafes,1,,
180,Cajun/Creole,1,,
181,Cambodian,1,,
182,Caribbean,1,,
183,Catalan,1,,
184,Cheesesteaks,1,,
185,Chicken Wings,1,,
186,Chinese,1,,
188,Comfort Food,1,,
189,Creperies,1,,
190,Cuban,1,,
191,Czech/Slovakian,1,,
192,Delis,1,,
194,Diners,1,,
197,Ethiopian,1,,
198,Fast Food,1,,
199,Filipino,1,,
200,Fish & Chips,1,,
201,Fondue,1,,
202,Food Court,1,,
203,Food Stands,1,,
204,French,1,,
205,Gastropubs,1,,
206,German,1,,
207,Gluten-Free,1,,
208,Greek,1,,
210,Halal,1,,
211,Hawaiian,1,,
212,Himalayan/Nepalese,1,,
213,Hot Dogs,1,,
214,Hot Pot,1,,
215,Hungarian,1,,
216,Iberian,1,,
217,Indian,1,,
218,Indonesian,1,,
219,Irish,1,,
220,Italian,1,,
221,Japanese,1,,
222,Korean,1,,
223,Kosher,1,,
224,Laotian,1,,
225,Latin American,1,,
227,Live/Raw Food,1,,
228,Malaysian,1,,
229,Mediterranean,1,,
230,Mexican,1,,
231,Middle Eastern,1,,
232,Modern European,1,,
233,Mongolian,1,,
234,Moroccan,1,,
235,Pakistani,1,,
236,Persian/Iranian,1,,
237,Peruvian,1,,
238,Pizza,1,,
239,Polish,1,,
240,Portuguese,1,,
242,Russian,1,,
243,Salad,1,,
245,Sandwiches,1,,
246,Scandinavian,1,,
247,Scottish,1,,
248,Seafood,1,,
249,Senegalese,162,,
250,Singaporean,1,,
251,Soul Food,1,,
252,Soup,1,,
253,South African,162,,
254,Southern,1,,
255,Spanish,1,,
256,Steakhouses,1,,
257,Sushi Bars,1,,
259,Taiwanese,1,,
260,Tapas Bars,1,,
261,Tapas/Small Plates,1,,
262,Tex-Mex,1,,
263,Thai,1,,
265,Turkish,1,,
266,Ukrainian,1,,
267,Vegan,1,,
268,Vegetarian,1,,
270,Vietnamese,1,,
271,Courthouses,20,,
272,Departments of Motor Vehicles,20,,
273,Embassy,20,,
274,Landmarks & Historical Buildings,20,,
275,Libraries,20,,
276,Police Departments,20,,
277,Post Offices,20,,
278,Animal Shelters,19,,
279,Horse Boarding,19,,
280,Pet Services,19,,
281,Pet Stores,19,,
282,Veterinarians,19,,
289,Airports,18,,
290,Bed & Breakfast,18,,
291,Campgrounds,18,,
292,Car Rental,18,,
293,Guest Houses,18,,
294,Hostels,18,,
295,Hotels,18,,
297,Motorcycle Rental,18,,
299,RV Rental,18,,
300,Resorts,18,,
301,Ski Resorts,18,,
303,Tours,18,,
304,Train Stations,18,,
305,Transportation,18,,
306,Travel Services,18,,
307,Vacation Rental Agents,18,,
308,Vacation Rentals,18,,
309,Amateur Sports Teams,17,,
310,Amusement Parks,17,,
311,Aquariums,17,,
312,Archery,17,,
313,Beaches,17,,
314,Bike Rentals,17,,
315,Boating,17,,
316,Bowling,17,,
317,Climbing,17,,
318,Disc Golf,17,,
319,Fishing,17,,
320,Diving,17,,
321,Go Karts,17,,
322,Hang Gliding,17,,
323,Fitness & Instruction,17,,
324,Barre Classes,323,,
325,Boot Camps,323,,
326,Golf,17,,
327,Gun/Rifle Ranges,17,,
329,Hiking,17,,
330,Horse Racing,17,,
331,Horseback Riding,17,,
332,Kiteboarding,17,,
333,Lakes,17,,
334,Leisure Centers,17,,
336,Mini Golf,17,,
337,Mountain Biking,17,,
338,Paddleboarding,17,,
339,Paintball,17,,
340,Parks,17,,
342,Playgrounds,17,,
343,Rafting/Kayaking,17,,
344,Recreation Centers,17,,
345,Rock Climbing,17,,
348,Skating Rinks,17,,
349,Skydiving,17,,
350,Soccer,17,,
351,Sports Clubs,17,,
352,Summer Camps,17,,
353,Surfing,17,,
355,Swimming Pools,17,,
357,Tennis,17,,
358,Trampoline Parks,17,,
359,Tubing,17,,
361,Zoos,17,,
362,Bartenders,16,,
363,Boat Charters,16,,
364,Cards & Stationery,16,,
365,Caterers,16,,
366,Clowns,16,,
367,DJs,16,,
368,Party Equipment Rentals,16,,
369,Hotels,16,,
370,Magicians,16,,
371,Musicians,16,,
372,Officiants,16,,
373,Party & Event Planning,16,,
374,Party Bus Rentals,16,,
375,Party Supplies,16,,
376,Personal Chefs,16,,
377,Photographers,16,,
378,Cultural Center,15,,
379,Venues & Event Spaces,16,,
380,Videographers,16,,
381,Wedding Planning,16,,
382,Arcades,15,,
383,Art Galleries,15,,
384,Botanical Gardens,15,,
385,Casinos,15,,
386,Cinema,15,,
387,Festivals,15,,
388,Jazz & Blues,15,,
389,Museums,15,,
390,Music Venues,15,,
391,Opera & Ballet,15,,
392,Performing Arts,15,,
393,Professional Sports Teams,15,,
394,Psychics & Astrologers,15,,
395,Social Clubs,15,,
396,Stadiums & Arenas,15,,
397,Ticket Sales,15,,
398,Wineries,15,wine.jpg,
400,Building Supplies,13,,
401,Carpet Installation,13,carpet.jpg,
402,Carpeting,13,carpet.jpg,
403,Contractors,13,,
404,Electricians,13,,
405,Flooring,13,floor.jpg,
406,Garage Door Services,13,floor.jpg,
407,Gardeners,13,,
408,Handyman,13,,
409,Heating & Air Conditioning/HVAC,13,,
410,Home Cleaning,13,,
411,Home Inspectors,13,,
412,Home Organization,13,,
413,Home Theatre Installation,13,,
414,Interior Design,13,,
415,Internet Service Providers,13,,
416,Keys & Locksmiths,13,painter.jpg,
417,Landscape Architects,13,,
418,Landscaping,13,,
419,Lighting Fixtures & Equipment,13,,
420,Masonry/Concrete,13,,
421,Movers,13,,
422,Painters,13,,
423,Plumbing,13,plumber.jpg,
424,Pool Cleaners,13,mover.jpg,
425,Real Estate,13,RealEstate_Cover.jpg,
426,Commercial Real Estate,425,RealEstate_Cover.jpg,
427,Home Staging,425,,
428,Mortgage Brokers,425,,
429,Property Management,425,,
430,Real Estate Agents,425,,
431,Real Estate Services,425,,
432,Roofing,13,roofer.jpg,
433,Security Systems,13,,
434,Shades & Blinds,13,,
435,Solar Installation,13,,
436,Television Service Providers,13,,
437,Tree Services,13,,
438,University Housing,425,,
439,Window Washing,13,,
440,Windows Installation,13,window.jpg,
441,Appliances & Repair,12,,
442,Bail Bondsmen,12,,
443,Bike Repair/Maintenance,12,,
444,Carpet Cleaning,12,,
445,Child Care & Day Care,12,,
446,Community Service/Non-Profit,12,,
447,Couriers & Delivery Services,12,,
448,Dry Cleaning & Laundry,12,,
449,Electronics Repair,12,,
450,Funeral Services & Cemeteries,12,,
451,Furniture Reupholstery,12,,
452,IT Services & Computer Repair,12,,
453,Junk Removal and Hauling,12,,
454,Notaries,12,notary.jpg,
455,Pest Control,12,pest.jpg,
456,Printing Services,12,,
457,Recording & Rehearsal Studios,12,,
458,Recycling Center,12,,
459,Screen Printing,12,,
460,Screen Printing/T-Shirt Printing,12,,
461,Self Storage,12,,
462,Sewing & Alterations,12,,
463,Shipping Centers,12,,
464,Shoe Repair,12,,
465,Snow Removal,12,,
466,Watch Repair,12,,
467,Acupuncture,11,,
470,Cannabis Clinics,11,,
472,Chiropractors,11,,
475,Counseling & Mental Health,11,,
476,Dentists,11,dentists.jpg,
477,Diagnostic Services,11,,
478,Diagnostic Imaging,477,,
480,Doctors,11,,
487,Medical Transportation,11,,
488,Hearing Aid Providers,11,,
489,Home Health Care,11,,
490,Hospice,11,,
491,Hospitals,11,,
493,Laboratory Testing,477,,
494,Lactation Services,11,,
495,Laser Eye Surgery/Lasik,11,,
496,Massage Therapy,11,,
497,Medical Centers,11,,
498,Medical Spas,11,,
499,Midwives,11,,
502,Nutritionists,11,weightloss.jpg,
504,Occupational Therapy,11,,
507,Optometrists,11,,
515,Physical Therapy,11,,
520,Reflexology,11,,
521,Rehabilitation Center,11,,
522,Retirement Homes,11,,
523,Speech Therapists,11,,
526,Traditional Chinese Medicine,11,,
527,Urgent Care,11,,
528,Weight Loss Centers,11,weightloss.jpg,
529,Buddhist Temples,27,,
530,Churches,27,,
531,Hindu Temples,27,,
532,Mosques,27,,
533,Synagogues,27,,
534,Allergists,480,,
535,Audiologist,480,,
536,Cardiologists,480,,
537,Cosmetic Surgeons,480,,
538,Dermatologists,480,,
539,Ear Nose & Throat,480,,
540,Family Practice,480,,
541,Fertility,480,,
542,Gastroenterologist,480,,
543,Gerontologists,480,,
544,Internal Medicine,480,,
545,Naturopathic/Holistic,480,,
546,Neurologist,480,,
547,Obstetricians and Gynecologists,480,,
548,Oncologist,480,,
549,Ophthalmologists,480,,
550,Orthopedists,480,,
551,Osteopathic Physicians,480,,
552,Pediatricians,480,,
553,Podiatrists,480,,
554,Proctologists,480,,
555,Psychiatrists,480,,
556,Pulmonologist,480,,
557,Sports Medicine,480,,
558,Tattoo Removal,480,,
559,Cosmetic Dentists,476,,
560,Endodontists,476,,
561,General Dentistry,476,,
562,Oral Surgeons,476,,
563,Orthodontists,476,,
564,Pediatric Dentists,476,,
565,Periodontists,476,,
566,Event Photography,377,,
567,Session Photography,377,,
568,Dog Parks,340,,
569,Skate Parks,340,,
570,Dance Studios,323,,
571,Gyms,323,,
572,Martial Arts,323,,
573,Pilates,323,,
574,Swimming Lessons/Schools,323,,
576,Tai Chi,323,,
577,Trainers,323,,
578,Yoga,323,,
579,Free Diving,320,,
580,Scuba Diving,320,,
581,Airlines,305,,
582,Airport Shuttles,305,,
583,Limos,305,,
584,Public Transportation,305,,
585,Taxis,305,,
586,Dog Walkers,280,,
587,Pet Boarding/Pet Sitting,280,,
588,Pet Groomers,280,,
589,Pet Training,280,,
590,Egyptian,231,,
591,Lebanese,231,,
592,Colombian,225,,
593,Salvadoran,225,,
594,Venezuelan,225,,
595,Candy Stores,157,,
596,Cheese Shops,157,,
597,Chocolatiers and Shops,157,,
598,Ethnic Food,157,,
599,Fruits & Veggies,157,,
600,Health Markets,157,,
601,Herbs and Spices,157,,
602,Meat Shops,157,,
603,Seafood Markets,157,,
604,Bikes,99,,
605,Golf Equipment,99,,
606,Outdoor Gear,99,,
607,Sports Wear,99,,
608,Appliances,73,,
609,Furniture Stores,73,,
610,Hardware Stores,73,,
611,Home Decor,73,,
612,Hot Tub and Pool,73,,
613,Kitchen & Bath,73,,
614,Mattresses,73,,
615,Nurseries & Gardening,73,,
616,Cards & Stationery,63,,
617,Florists,63,,
618,Gift Shops,63,,
619,Accessories,60,,
620,Children's Clothing,60,,
621,Department Stores,60,,
622,Formal Wear,60,,
623,Hats,60,,
624,Leather Goods,60,,
625,Lingerie,60,,
626,Maternity Wear,60,,
627,Men's Clothing,60,,
628,Plus Size Fashion,60,,
629,Shoe Stores,60,,
630,Sports Wear,60,,
631,Swimwear,60,,
632,"Used, Vintage & Consignment",60,,
633,Women's Clothing,60,,
634,Bookstores,45,,
635,Comic Books,45,,
636,Music & DVDs,45,,
637,Newspapers & Magazines,45,,
638,Videos and Video Game Rental,45,,
639,Vinyl Records,45,,
640,Art Supplies,42,,
641,Cards & Stationery,42,,
642,Costumes,42,,
643,Fabric Stores,42,,
644,Framing,42,,
645,Print Media,26,,
646,Radio Stations,26,,
647,Television Stations,26,,
648,Banks & Credit Unions,25,,
649,Check Cashing/Pay-day Loans,25,accountant_tax.jpg,
650,Financial Advising,25,accountant_tax.jpg,
651,Insurance,25,accountant_tax.jpg,
652,Investing,25,accountant_tax.jpg,
653,Tax Services,25,accountant_tax.jpg,
654,Apartments,24,RealEstate_Cover.jpg,
655,Commercial Real Estate,24,RealEstate_Cover.jpg,
656,Home Staging,24,,
657,Mortgage Brokers,24,RealEstate_Cover.jpg,
658,Property Management,24,RealEstate_Cover.jpg,
659,Real Estate Agents,24,RealEstate_Cover.jpg,
660,Real Estate Services,24,RealEstate_Cover.jpg,
661,University Housing,24,RealEstate_Cover.jpg,
662,Accountants,23,,
663,Advertising,23,,
664,Architects,23,,
666,Boat Repair,23,,
667,Career Counseling,23,,
670,Employment Agencies,23,,
674,Graphic Design,23,,
676,Internet Service Providers,23,,
677,Lawyers,23,lawyer.jpg,
678,Life Coach,23,,
679,Marketing,23,,
680,Matchmakers,23,,
681,Office Cleaning,23,,
682,Personal Assistants,23,,
684,Private Investigation,23,,
685,Public Relations,23,,
687,Talent Agencies,23,,
688,Translation Services,23,,
689,Video/Film Production,23,,
690,Web Design,23,,
691,Adult Education,22,,
693,College Counseling,22,,
694,Colleges & Universities,22,,
699,Educational Services,22,,
700,Elementary Schools,22,,
704,Middle Schools & High Schools,22,,
705,Preschools,22,,
706,Private Tutors,22,,
707,Religious Schools,22,,
708,Special Education,22,,
709,Specialty Schools,22,,
711,Test Preparation,22,,
712,Tutoring Centers,22,,
714,Auto Detailing,10,,
715,Auto Glass Services,10,,
716,Auto Parts & Supplies,10,,
717,Auto Repair,10,,
718,Boat Dealers,10,,
719,Body Shops,10,,
720,Car Dealers,10,,
721,Car Stereo Installation,10,,
722,Car Wash,10,,
723,Gas & Service Stations,10,,
724,Motorcycle Dealers,10,,
725,Motorcycle Repair,10,,
726,Oil Change Stations,10,,
727,Parking,10,,
728,RV Dealers,10,,
729,Smog Check Stations,10,,
730,Tires,10,,
731,Towing,10,,
732,Truck Rental,10,,
733,Windshield Installation & Repair,10,,
734,Barbers,9,,
735,Cosmetics & Beauty Supply,9,,
736,Day Spas,9,,
737,Eyelash Service,9,,
738,Hair Extensions,9,,
739,Hair Removal,9,,
740,Hair Salons,9,,
742,Makeup Artists,9,,
743,Massage,9,,
744,Medical Spas,9,,
746,Nail Salons,9,,
747,Piercing,9,,
748,Rolfing,9,,
749,Skin Care,9,,
750,Tanning,9,,
751,Tattoo,9,,
752,Cantonese,186,,
753,Dim Sum,186,,
754,Shanghainese,186,,
755,Szechuan,186,,
756,Laser Hair Removal,739,,
757,Hair Extensions,740,,
758,Hair Stylists,740,,
759,Men's Hair Salons,740,,
760,Art Schools,709,,
761,Cooking Schools,709,,
762,Cosmetology Schools,709,,
763,Dance Schools,709,,
764,Driving Schools,709,,
765,Flight Instruction,709,,
766,Language Schools,709,,
767,Massage Schools,709,,
768,Swimming Lessons/Schools,709,,
770,Vocational and Technical School,709,,
771,Bankruptcy Law,677,,
772,Criminal Defense Law,677,,
773,Divorce and Family Law,677,,
774,Employment Law,677,,
775,Estate Planning Law,677,,
776,General Litigation,677,,
777,Immigration Law,677,,
778,Personal Injury Law,677,,
779,Real Estate Law,677,,
780,Dominican,182,,
781,Haitian,182,,
782,Puerto Rican,182,,
783,Trinidadian,182,,
784,Apartments,425,,
785,Shared Office Spaces,425,,
786,Utilities,13,,
787,Data Recovery,452,,
788,Mobile Phone Repair,452,,
789,Anesthesiologists,480,,
790,Shared Office Spaces,24,,
791,CPR Classes,709,,
